City,State/Province,Country/Retion,Latitude,Longitude,Class Year,Class Year Date
Edmonton,,Alberta,,,1976,1/1/1976
Edmonton,,Alberta,,,1977,1/1/1977
Edmonton,,Alberta,,,1978,1/1/1978
Buenos Aires,,Argentina,,,2011,1/1/2011
Oranjestad,,Aruba,,,2002,1/1/2002
South Fremantle,,Australia,,,2002,1/1/2002
Sydney,,Australia,,,2017,1/1/2017
Sydney,,Australia,,,2020,1/1/2020
Tanunda,SA,Australia,,,2015,1/1/2015
Tanunda,,Australia,,,2016,1/1/2016
Vaucluse,,Australia,,,2014,1/1/2014
Vienna,,Austria,,,1977,1/1/1977
Vienna,,Austria,,,1979,1/1/1979
Vienna,,Austria,,,1980,1/1/1980
Vienna,,Austria,,,2016,1/1/2016
Baku,,Azerbaijan,,,2009,1/1/2009
Chittagong,,Bangladesh,,,2012,1/1/2012
Dhaka,,Bangladesh,,,1997,1/1/1997
Dhaka,,Bangladesh,,,2000,1/1/2000
Dhaka,,Bangladesh,,,2000,1/1/2000
Dhaka,,Bangladesh,,,2001,1/1/2001
Dhaka,,Bangladesh,,,2001,1/1/2001
Dhaka,,Bangladesh,,,2004,1/1/2004
Dhaka,,Bangladesh,,,2005,1/1/2005
Dhaka,,Bangladesh,,,2006,1/1/2006
Dhaka,,Bangladesh,,,2007,1/1/2007
Dhaka,,Bangladesh,,,2008,1/1/2008
Dhaka,,Bangladesh,,,2015,1/1/2015
Dhaka,,Bangladesh,,,2018,1/1/2018
Brussels,,Belgium,,,1972,1/1/1972
Brussels,,Belgium,,,1972,1/1/1972
Brussels,,Belgium,,,2000,1/1/2000
Brussels,,Belgium,,,2013,1/1/2013
Brussels,,Belgium,,,2013,1/1/2013
Dangriga,,Belize,,,2007,1/1/2007
Hamilton Parish,,Bermuda,,,2020,1/1/2020
La Paz,,Bolivia,,,2006,1/1/2006
La Paz,,Bolivia,,,2009,1/1/2009
La Paz,,Bolivia,,,2011,1/1/2011
La Paz,,Bolivia,,,2015,1/1/2015
Sarajevo,,Bosnia and Herzegovina,,,2008,1/1/2008
Gaborone,,Botswana,,,2004,1/1/2004
Gaborone,,Botswana,,,2011,1/1/2011
Gaborone,,Botswana,,,2019,1/1/2019
Barueri,,Brazil,,,2016,1/1/2016
Brasilia,,Brazil,,,1974,1/1/1974
Livramento,,Brazil,,,2019,1/1/2019
Porto Alegre,,Brazil,,,2015,1/1/2015
Porto Alegre,,Brazil,,,2018,1/1/2018
Quatro,,Brazil,,,2017,1/1/2017
Rio de Janeiro,,Brazil,,,1970,1/1/1970
Sao Paolo,,Brazil,,,1996,1/1/1996
Sao Paulo,,Brazil,,,2017,1/1/2017
Burnaby,,British Columbia,,,1988,1/1/1988
Delta,,British Columbia,,,1982,1/1/1982
Vancouver,,British Columbia,,,1986,1/1/1986
Vancouver,,British Columbia,,,1986,1/1/1986
Sofia,,Bulgaria,,,2001,1/1/2001
Ouagadougou,,Burkina Faso,,,2008,1/1/2008
Yangon,,Burma,,,2010,1/1/2010
Yangon,,Burma,,,2013,1/1/2013
Yangon,,Burma,,,2013,1/1/2013
Bujumbura,,Burundi,,,2019,1/1/2019
Phnom Penh,,Cambodia,,,2019,1/1/2019
Meiganga,,Cameroun,,,1982,1/1/1982
Brandon,MB,Canada,,,2003,1/1/2003
Calgary,,Canada,,,2009,1/1/2009
Calgary,,Canada,,,2011,1/1/2011
Calgary,,Canada,,,2016,1/1/2016
Columbia,,Canada,,,2001,1/1/2001
Coquitlam,,Canada,,,2006,1/1/2006
Edmonton,,Canada,,,1999,1/1/1999
Hamilton,ON,Canada,,,2012,1/1/2012
Kingston,,Canada,,,2014,1/1/2014
Kitchener,,Canada,,,2019,1/1/2019
Montreal,,Canada,,,1980,1/1/1980
Newfoundland,,Canada,,,2002,1/1/2002
Oakville,,Canada,,,1981,1/1/1981
Ontario,,Canada,,,2000,1/1/2000
Port Coquitlam,,Canada,,,2013,1/1/2013
Portage,Manitoba,Canada,,,2000,1/1/2000
Portage La Prairie,,Canada,,,2006,1/1/2006
Portage La Prairie,,Canada,,,2009,1/1/2009
Richmond,BC,Canada,,,2003,1/1/2003
Richmond,,Canada,,,2011,1/1/2011
Rockcliffe,,Canada,,,2009,1/1/2009
Salmon Arm,,Canada,,,2007,1/1/2007
Saskatoon,,Canada,,,2019,1/1/2019
Scarborough,,Canada,,,2009,1/1/2009
Scarborough,ON,Canada,,,2018,1/1/2018
Sudbury,ON,Canada,,,2018,1/1/2018
Thunder Bay,,Canada,,,1985,1/1/1985
Toronto,,Canada,,,1972,1/1/1972
Toronto,,Canada,,,1976,1/1/1976
Toronto,ON,Canada,,,2003,1/1/2003
Toronto,ON,Canada,,,2006,1/1/2006
Toronto,,Canada,,,2011,1/1/2011
Toronto,ON,Canada,,,2012,1/1/2012
Toronto,,Canada,,,2013,1/1/2013
Toronto,,Canada,,,2014,1/1/2014
Toronto,,Canada,,,2016,1/1/2016
Toronto,ON,Canada,,,2018,1/1/2018
Unionville,ON,Canada,,,2003,1/1/2003
Vancouver,BC,Canada,,,2005,1/1/2005
Vancouver,BC,Canada,,,2007,1/1/2007
Vancouver,BC,Canada,,,2012,1/1/2012
Vancouver,BC,Canada,,,2017,1/1/2017
Vancouver,,Canada,,,2019,1/1/2019
Waterloo,,Canada,,,2009,1/1/2009
Waterloo,ON,Canada,,,2012,1/1/2012
White Rock,BC,Canada,,,2001,1/1/2001
Windsor,ON,Canada,,,2013,1/1/2013
Winnipeg,Manitoba,Canada,,,2001,1/1/2001
Iquique,,Chile,,,2018,1/1/2018
Puerto Williams,,Chile,,,2016,1/1/2016
Quilpue,,Chile,,,2007,1/1/2007
Santiago,,Chile,,,1979,1/1/1979
Santiago,,Chile,,,1985,1/1/1985
Santiago,,Chile,,,2020,1/1/2020
Beijing,,China,,,1986,1/1/1986
Beijing,,China,,,2001,1/1/2001
Beijing,,China,,,2001,1/1/2001
Beijing,,China,,,2002,1/1/2002
Beijing,,China,,,2002,1/1/2002
Beijing,,China,,,2003,1/1/2003
Beijing,,China,,,2003,1/1/2003
Beijing,,China,,,2008,1/1/2008
Beijing,,China,,,2008,1/1/2008
Beijing,,China,,,2008,1/1/2008
Beijing,,China,,,2009,1/1/2009
Beijing,,China,,,2009,1/1/2009
Beijing,,China,,,2009,1/1/2009
Beijing,,China,,,2010,1/1/2010
Beijing,,China,,,2010,1/1/2010
Beijing,,China,,,2010,1/1/2010
Beijing,,China,,,2010,1/1/2010
Beijing,,China,,,2011,1/1/2011
Beijing,,China,,,2011,1/1/2011
Beijing,,China,,,2011,1/1/2011
Beijing,,China,,,2011,1/1/2011
Beijing,,China,,,2011,1/1/2011
Beijing,,China,,,2012,1/1/2012
Beijing,,China,,,2012,1/1/2012
Beijing,,China,,,2012,1/1/2012
Beijing,,China,,,2013,1/1/2013
Beijing,,China,,,2013,1/1/2013
Beijing,,China,,,2013,1/1/2013
Beijing,,China,,,2013,1/1/2013
Beijing,,China,,,2013,1/1/2013
Beijing,,China,,,2014,1/1/2014
Beijing,,China,,,2014,1/1/2014
Beijing,,China,,,2014,1/1/2014
Beijing,,China,,,2015,1/1/2015
Beijing,,China,,,2016,1/1/2016
Beijing,,China,,,2016,1/1/2016
Beijing,,China,,,2016,1/1/2016
Beijing,,China,,,2016,1/1/2016
Beijing,,China,,,2016,1/1/2016
Beijing,,China,,,2017,1/1/2017
Beijing,,China,,,2017,1/1/2017
Beijing,,China,,,2017,1/1/2017
Beijing,,China,,,2017,1/1/2017
Beijing,,China,,,2017,1/1/2017
Beijing,,China,,,2017,1/1/2017
Beijing,,China,,,2017,1/1/2017
Beijing,,China,,,2017,1/1/2017
Beijing,,China,,,2017,1/1/2017
Beijing,,China,,,2018,1/1/2018
Beijing,,China,,,2018,1/1/2018
Beijing,,China,,,2018,1/1/2018
Beijing,,China,,,2018,1/1/2018
Beijing,,China,,,2018,1/1/2018
Beijing,,China,,,2018,1/1/2018
Beijing,,China,,,2019,1/1/2019
Beijing,,China,,,2019,1/1/2019
Beijing,,China,,,2019,1/1/2019
Beijing,,China,,,2019,1/1/2019
Beijing,,China,,,2019,1/1/2019
Beijing,,China,,,2019,1/1/2019
Beijing,,China,,,2019,1/1/2019
Beijing,,China,,,2020,1/1/2020
Beijing,,China,,,2020,1/1/2020
Beijing,,China,,,2020,1/1/2020
Beijing City,,China,,,2015,1/1/2015
Beijing City,,China,,,2015,1/1/2015
Beijing City,,China,,,2015,1/1/2015
Changpingqu,,China,,,2014,1/1/2014
Changsha,,China,,,2004,1/1/2004
Changsha,,China,,,2009,1/1/2009
Changsha,,China,,,2011,1/1/2011
Changsha,,China,,,2016,1/1/2016
Changsha,,China,,,2019,1/1/2019
Changsha City,,China,,,2015,1/1/2015
Chengdu,,China,,,2011,1/1/2011
Chengdu,,China,,,2013,1/1/2013
Chengdu,,China,,,2015,1/1/2015
Chengdu,,China,,,2016,1/1/2016
Chengdu,,China,,,2017,1/1/2017
Chengdu,,China,,,2017,1/1/2017
Chengdu,,China,,,2018,1/1/2018
Chengdu,,China,,,2019,1/1/2019
Chengdu,,China,,,2020,1/1/2020
Chengdu Shi,,China,,,2015,1/1/2015
Chengdu Sichuan,,China,,,2005,1/1/2005
Chenyang City,,China,,,2015,1/1/2015
Chenzhou,,China,,,2014,1/1/2014
Chongqing,,China,,,2007,1/1/2007
Chongqing,,China,,,2016,1/1/2016
Chongqing,,China,,,2016,1/1/2016
Cixi,,China,,,2015,1/1/2015
Dalian,,China,,,2013,1/1/2013
Dalian,,China,,,2016,1/1/2016
Dong,,China,,,2000,1/1/2000
Erqi Qu,,China,,,2012,1/1/2012
Fenyang,,China,,,2017,1/1/2017
Foshan,,China,,,2018,1/1/2018
Foshan,,China,,,2018,1/1/2018
Guangzhou,,China,,,2012,1/1/2012
Guangzhou,,China,,,2015,1/1/2015
Guangzhou,,China,,,2017,1/1/2017
Guangzhou,,China,,,2017,1/1/2017
Guangzhou,,China,,,2018,1/1/2018
Guangzhou,,China,,,2018,1/1/2018
Guangzhou,,China,,,2018,1/1/2018
Guangzhou,,China,,,2020,1/1/2020
Guilin,,China,,,2020,1/1/2020
Haerbin,,China,,,2014,1/1/2014
Hangzhou,,China,,,2007,1/1/2007
Hangzhou,,China,,,2009,1/1/2009
Hangzhou,,China,,,2012,1/1/2012
Hangzhou,,China,,,2013,1/1/2013
Hangzhou,,China,,,2013,1/1/2013
Hangzhou,,China,,,2014,1/1/2014
Hangzhou,,China,,,2018,1/1/2018
Hangzhou,,China,,,2020,1/1/2020
Hangzhou City,,China,,,2011,1/1/2011
Harbin,,China,,,2015,1/1/2015
Hefei,,China,,,2016,1/1/2016
Hefei,,China,,,2017,1/1/2017
Hefei,,China,,,2018,1/1/2018
Hefei,,China,,,2020,1/1/2020
Hefei City,,China,,,2015,1/1/2015
Hefei Shi,,China,,,2020,1/1/2020
Hong Kong,,China,,,2002,1/1/2002
Hong Kong,,China,,,2002,1/1/2002
Hong Kong,,China,,,2002,1/1/2002
Hong Kong,,China,,,2003,1/1/2003
Hong Kong,,China,,,2003,1/1/2003
Hong Kong,,China,,,2015,1/1/2015
Hong Kong,,China,,,2015,1/1/2015
Hongshan District,Wuhan,China,,,2009,1/1/2009
Hunan,,China,,,2002,1/1/2002
ina Shenzhen,,China,,,2018,1/1/2018
Jiande,,China,,,2016,1/1/2016
Jiang Xi,,China,,,2002,1/1/2002
Jiangsu,,China,,,2019,1/1/2019
Jiangsu,,China,,,2020,1/1/2020
Jiangyin,,China,,,2008,1/1/2008
Jiangyin,,China,,,2015,1/1/2015
Jiaxing,,China,,,2016,1/1/2016
Jinan,,China,,,2009,1/1/2009
Jinan,,China,,,2010,1/1/2010
Kaohsiung City,,Taiwan,,,2017,1/1/2017
Kowloon,,Hong Kong,,,2017,1/1/2017
Kunming,,China,,,2018,1/1/2018
Langfang,,China,,,2009,1/1/2009
Lanzhou,,China,,,2014,1/1/2014
Lanzhou,,China,,,2018,1/1/2018
Lianyungang,,China,,,2012,1/1/2012
Liaoning,,China,,,2011,1/1/2011
Luzhou,,China,,,2017,1/1/2017
Nanjing,,China,,,2005,1/1/2005
Nanjing,,China,,,2008,1/1/2008
Nanjing,,China,,,2009,1/1/2009
Nanjing,,China,,,2009,1/1/2009
Nanjing,,China,,,2009,1/1/2009
Nanjing,,China,,,2010,1/1/2010
Nanjing,,China,,,2010,1/1/2010
Nanjing,,China,,,2010,1/1/2010
Nanjing,,China,,,2011,1/1/2011
Nanjing,,China,,,2011,1/1/2011
Nanjing,,China,,,2011,1/1/2011
Nanjing,,China,,,2012,1/1/2012
Nanjing,,China,,,2012,1/1/2012
Nanjing,,China,,,2014,1/1/2014
Nanjing,,China,,,2014,1/1/2014
Nanjing,,China,,,2017,1/1/2017
Nanjing,,China,,,2020,1/1/2020
Nanjing City,,China,,,2015,1/1/2015
Nantong,,China,,,2013,1/1/2013
Nantong,,China,,,2015,1/1/2015
Nantong,,China,,,2016,1/1/2016
Ningbo,,China,,,2011,1/1/2011
Ningbo,,China,,,2014,1/1/2014
Province,,China,,,2010,1/1/2010
Qingdao,,China,,,2010,1/1/2010
Qingdao,,China,,,2014,1/1/2014
Qingdao,,China,,,2018,1/1/2018
Shanghai,,China,,,2000,1/1/2000
Shanghai,,China,,,2000,1/1/2000
Shanghai,,China,,,2002,1/1/2002
Shanghai,,China,,,2002,1/1/2002
Shanghai,,China,,,2003,1/1/2003
Shanghai,,China,,,2004,1/1/2004
Shanghai,,China,,,2005,1/1/2005
Shanghai,,China,,,2006,1/1/2006
Shanghai,,China,,,2007,1/1/2007
Shanghai,,China,,,2007,1/1/2007
Shanghai,,China,,,2009,1/1/2009
Shanghai,,China,,,2009,1/1/2009
Shanghai,,China,,,2009,1/1/2009
Shanghai,,China,,,2010,1/1/2010
Shanghai,,China,,,2010,1/1/2010
Shanghai,,China,,,2011,1/1/2011
Shanghai,,China,,,2011,1/1/2011
Shanghai,,China,,,2012,1/1/2012
Shanghai,,China,,,2013,1/1/2013
Shanghai,,China,,,2013,1/1/2013
Shanghai,,China,,,2014,1/1/2014
Shanghai,,China,,,2014,1/1/2014
Shanghai,,China,,,2014,1/1/2014
Shanghai,,China,,,2014,1/1/2014
Shanghai,,China,,,2014,1/1/2014
Shanghai,,China,,,2014,1/1/2014
Shanghai,,China,,,2016,1/1/2016
Shanghai,,China,,,2016,1/1/2016
Shanghai,,China,,,2017,1/1/2017
Shanghai,,China,,,2017,1/1/2017
Shanghai,,China,,,2017,1/1/2017
Shanghai,,China,,,2017,1/1/2017
Shanghai,,China,,,2017,1/1/2017
Shanghai,,China,,,2017,1/1/2017
Shanghai,,China,,,2018,1/1/2018
Shanghai,,China,,,2018,1/1/2018
Shanghai,,China,,,2018,1/1/2018
Shanghai,,China,,,2019,1/1/2019
Shanghai,,China,,,2019,1/1/2019
Shanghai,,China,,,2019,1/1/2019
Shanghai,,China,,,2019,1/1/2019
Shanghai,,China,,,2019,1/1/2019
Shanghai,,China,,,2020,1/1/2020
Shanghai,,China,,,2020,1/1/2020
Shanghai City,,China,,,2015,1/1/2015
Shantou,,China,,,2013,1/1/2013
Shenyang,,China,,,2000,1/1/2000
Shenyang,,China,,,2008,1/1/2008
Shenyang,,China,,,2011,1/1/2011
Shenyang,,China,,,2013,1/1/2013
Shenyang,,China,,,2014,1/1/2014
Shenyang,,China,,,2016,1/1/2016
Shenyang,,China,,,2017,1/1/2017
Shenyang,,China,,,2018,1/1/2018
Shenyang,,China,,,2018,1/1/2018
Shenzhen,,China,,,2007,1/1/2007
Shenzhen,,China,,,2008,1/1/2008
Shenzhen,,China,,,2011,1/1/2011
Shenzhen,,China,,,2012,1/1/2012
Shenzhen,,China,,,2013,1/1/2013
Shenzhen,,China,,,2013,1/1/2013
Shenzhen,,China,,,2014,1/1/2014
Shenzhen,,China,,,2014,1/1/2014
Shenzhen,,China,,,2014,1/1/2014
Shenzhen,,China,,,2015,1/1/2015
Shenzhen,,China,,,2016,1/1/2016
Shenzhen,,China,,,2017,1/1/2017
Shenzhen,,China,,,2018,1/1/2018
Shenzhen,,China,,,2018,1/1/2018
Shenzhen,,China,,,2019,1/1/2019
Shenzhen,,China,,,2019,1/1/2019
Shenzhen,,China,,,2019,1/1/2019
Shenzhen,,China,,,2020,1/1/2020
Shenzhen,,China,,,2020,1/1/2020
Shenzhen City,,China,,,2015,1/1/2015
Suzhou,,China,,,2009,1/1/2009
Suzhou,,China,,,2010,1/1/2010
Suzhou,,China,,,2011,1/1/2011
Suzhou,,China,,,2013,1/1/2013
Suzhou,,China,,,2013,1/1/2013
Suzhou,,China,,,2014,1/1/2014
Suzhou,,China,,,2015,1/1/2015
Suzhou,,China,,,2017,1/1/2017
Suzhou,,China,,,2017,1/1/2017
Suzhou,,China,,,2018,1/1/2018
Suzhou,,China,,,2019,1/1/2019
Suzhou,,China,,,2020,1/1/2020
Taicang,,China,,,2016,1/1/2016
TAIWAN,,China,,,2011,1/1/2011
Taiyuan,,China,,,2012,1/1/2012
Taiyuan,,China,,,2014,1/1/2014
Taiyuan,,China,,,2014,1/1/2014
Taiyuan,,China,,,2019,1/1/2019
Taiyuan,,China,,,2020,1/1/2020
Taiyuan Shanxi,,China,,,2009,1/1/2009
Tianjin,,China,,,2002,1/1/2002
Tianjin,,China,,,2009,1/1/2009
Tianjin,,China,,,2014,1/1/2014
Tianjin,,China,,,2016,1/1/2016
Tianjin,,China,,,2017,1/1/2017
Tiayuan,,China,,,2017,1/1/2017
Wenzhou,,China,,,2012,1/1/2012
Wuhan,,China,,,2009,1/1/2009
Wuhan,,China,,,2009,1/1/2009
Wuhan,,China,,,2012,1/1/2012
Wuhan,,China,,,2013,1/1/2013
Wuhan City,,China,,,2012,1/1/2012
Wujiang,,China,,,2006,1/1/2006
Wuxi,,China,,,2008,1/1/2008
Wuxi,,China,,,2012,1/1/2012
Wuxi,,China,,,2014,1/1/2014
Wuxi,,China,,,2015,1/1/2015
Wuxi,,China,,,2015,1/1/2015
Wuxi,,China,,,2018,1/1/2018
Wuxi,,China,,,2019,1/1/2019
Wuxi,,China,,,2020,1/1/2020
Wuxi City,,China,,,2014,1/1/2014
Wuxi City,,China,,,2015,1/1/2015
Xi'an,,China,,,2008,1/1/2008
Xi'an,,China,,,2013,1/1/2013
Xi'an,,China,,,2019,1/1/2019
Xiamen,,China,,,2011,1/1/2011
Xiamen,,China,,,2012,1/1/2012
Xinxiang,,China,,,2013,1/1/2013
Xuhuiqu,,China,,,2014,1/1/2014
Yangzhou,,China,,,2014,1/1/2014
Zhengzhou,,China,,,2011,1/1/2011
Zhenjiang,,China,,,2011,1/1/2011
Zhongshan,,China,,,2016,1/1/2016
Bogota,,Colombia,,,1999,1/1/1999
Villagarzon,,Colombia,,,2020,1/1/2020
San Jose,,Costa Rica,,,1976,1/1/1976
Girne,,Cyprus,,,2006,1/1/2006
Strovolos,,Cyprus,,,2007,1/1/2007
Santo Domingo,,Dominican Republic,,,2019,1/1/2019
Quito,,Ecuador,,,2007,1/1/2007
Quito,,Ecuador,,,2013,1/1/2013
Cairo,,Egypt,,,2007,1/1/2007
Cairo,,Egypt,,,2019,1/1/2019
Giza,,Egypt,,,2020,1/1/2020
Kafr El Dawwar,,Egypt,,,2020,1/1/2020
San Salvador,,El Salvador,,,2013,1/1/2013
Lakenheath,,England,,,1988,1/1/1988
London,,England,,,1970,1/1/1970
London,,England,,,1971,1/1/1971
London,,England,,,1972,1/1/1972
London,,England,,,1976,1/1/1976
London,,England,,,1981,1/1/1981
London,,England,,,1986,1/1/1986
New Barnet,,England,,,1981,1/1/1981
South Ascot,,England,,,1974,1/1/1974
Addis Ababa,,Ethiopia,,,2015,1/1/2015
d'Armagnac,,France,,,2014,1/1/2014
d'Armagnac,,France,,,2015,1/1/2015
Echenevex,,France,,,2011,1/1/2011
Garches,,France,,,2003,1/1/2003
Issy Les Moulineaux,,France,,,2011,1/1/2011
Le Vesinet,,France,,,1976,1/1/1976
Nogent-sur-Marne,,France,,,2013,1/1/2013
Paris,,France,,,1971,1/1/1971
Paris,,France,,,1976,1/1/1976
Paris,,France,,,1976,1/1/1976
Paris,,France,,,1980,1/1/1980
Paris,,France,,,2005,1/1/2005
Paris,,France,,,2006,1/1/2006
Paris,,France,,,2006,1/1/2006
Paris,,France,,,2008,1/1/2008
Paris,,France,,,2010,1/1/2010
Paris,,France,,,2010,1/1/2010
Paris,,France,,,2013,1/1/2013
Paris,,France,,,2015,1/1/2015
Toulouse,,France,,,2004,1/1/2004
Verrieres,,France,,,2007,1/1/2007
Altenholz,,Germany,,,2005,1/1/2005
Bad Homburg,,Germany,,,2020,1/1/2020
Bergkirchen,,Germany,,,1999,1/1/1999
Bonn,,Germany,,,1985,1/1/1985
Frankfurt,,Germany,,,1976,1/1/1976
Frankfurt am Main,,Germany,,,2019,1/1/2019
Freiburg,,Germany,,,2010,1/1/2010
Hannover,,Germany,,,2004,1/1/2004
Heidelberg,,Germany,,,1977,1/1/1977
Horbruch,,Germany,,,1985,1/1/1985
Kaiserslautern,,Germany,,,2000,1/1/2000
Karlsruhe,,Germany,,,2013,1/1/2013
Marbach,,Germany,,,2010,1/1/2010
Schwalbach,,Germany,,,1974,1/1/1974
Starnberg,,Germany,,,2002,1/1/2002
Stuttgart,,Germany,,,1980,1/1/1980
Ueberlingen,,Germany,,,2007,1/1/2007
Voerde,,Germany,,,1997,1/1/1997
Accra,,Ghana,,,2013,1/1/2013
Accra,,Ghana,,,2018,1/1/2018
Ada,,Ghana,,,2014,1/1/2014
Cape Coast,,Ghana,,,2017,1/1/2017
Tema,,Ghana,,,2002,1/1/2002
Athens,,Greece,,,1976,1/1/1976
Thessaloniki,,Greece,,,2015,1/1/2015
Barrigada,,Guam,,,2015,1/1/2015
Hagatna,,Guam,,,2019,1/1/2019
Cristobal,,Guatemala,,,2002,1/1/2002
Guatemala City,,Guatemala,,,1970,1/1/1970
,,Guinea,,,1973,1/1/1973
Tegucigalpa,,Honduras,,,2004,1/1/2004
Central Hong Kong,,Hong Kong,,,2003,1/1/2003
Hong,,Hong Kong,,,1996,1/1/1996
Hong Kong,,Hong Kong,,,2004,1/1/2004
Hong Kong,,Hong Kong,,,2004,1/1/2004
Hong Kong,,Hong Kong,,,2005,1/1/2005
Hong Kong,,Hong Kong,,,2005,1/1/2005
Hong Kong,,Hong Kong,,,2005,1/1/2005
Hong Kong,,Hong Kong,,,2005,1/1/2005
Hong Kong,,Hong Kong,,,2006,1/1/2006
Hong Kong,,Hong Kong,,,2007,1/1/2007
Hong Kong,,Hong Kong,,,2007,1/1/2007
Hong Kong,,Hong Kong,,,2008,1/1/2008
Hong Kong,,Hong Kong,,,2008,1/1/2008
Hong Kong,,Hong Kong,,,2010,1/1/2010
Hong Kong,,Hong Kong,,,2013,1/1/2013
Hong Kong,,Hong Kong,,,2015,1/1/2015
Kowloon,,Hong Kong,,,1979,1/1/1979
Kowloon,,Hong Kong,,,1996,1/1/1996
Kowloon,,Hong Kong,,,1999,1/1/1999
Kowloon,,Hong Kong,,,2011,1/1/2011
Sai Kung,,Hong Kong,,,2010,1/1/2010
Shatin,,Hong Kong,,,1997,1/1/1997
Shatin,,Hong Kong,,,2004,1/1/2004
South,,Hong Kong,,,2018,1/1/2018
Tai Hang,,Hong Kong,,,2017,1/1/2017
Tong,,Hong Kong,,,2015,1/1/2015
Tseung Kwan,,Hong Kong,,,2009,1/1/2009
Tuen Mun,,Hong Kong,,,2007,1/1/2007
Wan Chai,,Hong Kong,,,2019,1/1/2019
Budapest,,Hungary,,,2019,1/1/2019
Kopavogsbaer,,Iceland,,,2020,1/1/2020
Bangalore,,India,,,2006,1/1/2006
Bangalore,,India,,,2009,1/1/2009
Bangalore,,India,,,2012,1/1/2012
Bangalore,,India,,,2012,1/1/2012
Bangalore,,India,,,2013,1/1/2013
Bangalore,,India,,,2014,1/1/2014
Bangalore,,India,,,2018,1/1/2018
Bangalore,,India,,,2019,1/1/2019
Bangalore,,India,,,2020,1/1/2020
Bangalore Karnataka,,India,,,2004,1/1/2004
BangaloreK,,India,,,2015,1/1/2015
Bengaluru,,India,,,2019,1/1/2019
Bhopal,,India,,,2015,1/1/2015
Bombay,,India,,,1987,1/1/1987
Calcutta,,India,,,2000,1/1/2000
Calcutta,,India,,,2006,1/1/2006
Chennai,,India,,,2007,1/1/2007
Chennai,,India,,,2016,1/1/2016
Chennai,,India,,,2016,1/1/2016
Chennai,,India,,,2017,1/1/2017
Dehradun,,India,,,2015,1/1/2015
Delhi,,India,,,2007,1/1/2007
Delhi,,India,,,2016,1/1/2016
Faridabad Haryana,,India,,,2003,1/1/2003
Ghaziabad,,India,,,2014,1/1/2014
Gurgaon,,India,,,2008,1/1/2008
Gurgaon,,India,,,2013,1/1/2013
Gurgaon,,India,,,2015,1/1/2015
Gurgaon,,India,,,2018,1/1/2018
Gurgaon,,India,,,2019,1/1/2019
Gurgaon,,India,,,2019,1/1/2019
Haryana,,India,,,2010,1/1/2010
Himachal Pradesh,,India,,,2006,1/1/2006
Hyderabad,,India,,,1980,1/1/1980
Hyderabad,,India,,,2011,1/1/2011
Jabalpur,,India,,,1978,1/1/1978
Jaipur Rajasthan,,India,,,2001,1/1/2001
Kakinada,,India,,,2019,1/1/2019
Kanpur,,India,,,2008,1/1/2008
Kodaikanal,,India,,,2009,1/1/2009
Kolkata,,India,,,2006,1/1/2006
Kolkata,,India,,,2006,1/1/2006
Kolkata,,India,,,2013,1/1/2013
Kolkata,,India,,,2017,1/1/2017
Kolkata,,India,,,2018,1/1/2018
Kolkata,,India,,,2020,1/1/2020
Maharashtra,,India,,,2005,1/1/2005
Mumbai,,India,,,2001,1/1/2001
Mumbai,,India,,,2002,1/1/2002
Mumbai,,India,,,2002,1/1/2002
Mumbai,,India,,,2002,1/1/2002
Mumbai,,India,,,2002,1/1/2002
Mumbai,,India,,,2005,1/1/2005
Mumbai,,India,,,2007,1/1/2007
Mumbai,,India,,,2007,1/1/2007
Mumbai,,India,,,2008,1/1/2008
Mumbai,,India,,,2008,1/1/2008
Mumbai,,India,,,2008,1/1/2008
Mumbai,,India,,,2009,1/1/2009
Mumbai,,India,,,2010,1/1/2010
Mumbai,,India,,,2011,1/1/2011
Mumbai,,India,,,2013,1/1/2013
Mumbai,,India,,,2020,1/1/2020
Mussoorie,,India,,,2008,1/1/2008
Nagaland,,India,,,2002,1/1/2002
Navi Mumbai,,India,,,2006,1/1/2006
New Delhi,,India,,,1971,1/1/1971
New Delhi,,India,,,2002,1/1/2002
New Delhi,,India,,,2011,1/1/2011
New Delhi,,India,,,2011,1/1/2011
Noida,,India,,,2000,1/1/2000
Panchkula,,India,,,2009,1/1/2009
Thane,,India,,,2014,1/1/2014
Vellore,,India,,,1980,1/1/1980
Jakarta,,Indonesia,,,1996,1/1/1996
Jakarta,,Indonesia,,,1997,1/1/1997
Jakarta,,Indonesia,,,2000,1/1/2000
Jakarta,,Indonesia,,,2010,1/1/2010
Jakarta,,Indonesia,,,2015,1/1/2015
Jakarta,,Indonesia,,,2018,1/1/2018
Jakarta,,Indonesia,,,2019,1/1/2019
Jakarta,,Indonesia,,,2020,1/1/2020
Kota Solok,,Indonesia,,,2015,1/1/2015
Tangerang,,Indonesia,,,2009,1/1/2009
Tehran,,Iran,,,1976,1/1/1976
Donegal,,Ireland,,,2005,1/1/2005
Dublin,,Ireland,,,2009,1/1/2009
Raphoe,,Ireland,,,2002,1/1/2002
Arrabe,,Israel,,,2020,1/1/2020
Jerusalem,,Israel,,,1974,1/1/1974
Jerusalem,,Israel,,,1996,1/1/1996
Sederot,,Israel,,,2007,1/1/2007
Asti,,Italy,,,1980,1/1/1980
Milan,,Italy,,,1974,1/1/1974
Milan,,Italy,,,1976,1/1/1976
Rome,,Italy,,,1971,1/1/1971
Rome,,Italy,,,1981,1/1/1981
Kingston,,Jamaica,,,2013,1/1/2013
Aichi,,Japan,,,1996,1/1/1996
Akashi,,Japan,,,1999,1/1/1999
Ayauta-gun,,Japan,,,2017,1/1/2017
Bunkyo,,Japan,,,2018,1/1/2018
Bunkyo,,Japan,,,2018,1/1/2018
Camp Zama,,Japan,,,1988,1/1/1988
Chiba,,Japan,,,2000,1/1/2000
Chofu,,Japan,,,2017,1/1/2017
Chuo,,Japan,,,2017,1/1/2017
Fukoka,,Japan,,,1973,1/1/1973
Fukuoka,,Japan,,,1999,1/1/1999
Fukuoka,,Japan,,,2005,1/1/2005
Hirara-city Okinawa,,Japan,,,2001,1/1/2001
Hokkaido,,Japan,,,1977,1/1/1977
Ichikawa,,Japan,,,2016,1/1/2016
Inagi,,Japan,,,2018,1/1/2018
Kanagawa,,Japan,,,2003,1/1/2003
Kanagawa,,Japan,,,2008,1/1/2008
Karuizawa-machi,,Japan,,,2018,1/1/2018
Kasugai,,Japan,,,2005,1/1/2005
Kawaguchi City,,Japan,,,2009,1/1/2009
Kawasaki,,Japan,,,1997,1/1/1997
Kawasaki,,Japan,,,2016,1/1/2016
Kawasaki City,,Japan,,,2004,1/1/2004
Kawasaki-shi,,Japan,,,2003,1/1/2003
ken,,Japan,,,2006,1/1/2006
Kitasaku-gun,,Japan,,,2018,1/1/2018
Kobe,,Japan,,,1979,1/1/1979
Kobe,,Japan,,,2018,1/1/2018
Kobe,,Japan,,,2019,1/1/2019
Kobe,,Japan,,,2019,1/1/2019
Kobe Hyogo,,Japan,,,1997,1/1/1997
Kobe Hyogo,,Japan,,,2006,1/1/2006
Koto,,Japan,,,2020,1/1/2020
Kumanoto,,Japan,,,2005,1/1/2005
Kyoto,,Japan,,,1974,1/1/1974
Kyoto,,Japan,,,2004,1/1/2004
Maebashi-Shi,,Japan,,,2017,1/1/2017
Nagoya,,Japan,,,1975,1/1/1975
Nagoya,,Japan,,,2002,1/1/2002
Niiza-Shi,,Japan,,,2019,1/1/2019
Nishinomiya,,Japan,,,2019,1/1/2019
Okinawa,,Japan,,,2002,1/1/2002
Okinawa,,Japan,,,2002,1/1/2002
Osaka,,Japan,,,1975,1/1/1975
Osaka,,Japan,,,2018,1/1/2018
Ota,,Japan,,,2018,1/1/2018
Saitama,,Japan,,,2011,1/1/2011
Sakura,,Japan,,,2009,1/1/2009
Saltama,,Japan,,,1997,1/1/1997
Setagaya,,Japan,,,2017,1/1/2017
Setagaya,,Japan,,,2018,1/1/2018
Shimoniikura,,Japan,,,2004,1/1/2004
Takarazuka,,Japan,,,1973,1/1/1973
Tochigiken,,Japan,,,2005,1/1/2005
Tokoyo,,Japan,,,2006,1/1/2006
Tokyo,,Japan,,,1972,1/1/1972
Tokyo,,Japan,,,1973,1/1/1973
Tokyo,,Japan,,,1975,1/1/1975
Tokyo,,Japan,,,1975,1/1/1975
Tokyo,,Japan,,,1976,1/1/1976
Tokyo,,Japan,,,1977,1/1/1977
Tokyo,,Japan,,,1978,1/1/1978
Tokyo,,Japan,,,1979,1/1/1979
Tokyo,,Japan,,,1979,1/1/1979
Tokyo,,Japan,,,1979,1/1/1979
Tokyo,,Japan,,,1983,1/1/1983
Tokyo,,Japan,,,1987,1/1/1987
Tokyo,,Japan,,,1989,1/1/1989
Tokyo,,Japan,,,1989,1/1/1989
Tokyo,,Japan,,,1995,1/1/1995
Tokyo,,Japan,,,1996,1/1/1996
Tokyo,,Japan,,,1996,1/1/1996
Tokyo,,Japan,,,1996,1/1/1996
Tokyo,,Japan,,,1997,1/1/1997
Tokyo,,Japan,,,1998,1/1/1998
Tokyo,,Japan,,,1998,1/1/1998
Tokyo,,Japan,,,1999,1/1/1999
Tokyo,,Japan,,,2000,1/1/2000
Tokyo,,Japan,,,2001,1/1/2001
Tokyo,,Japan,,,2001,1/1/2001
Tokyo,,Japan,,,2002,1/1/2002
Tokyo,,Japan,,,2002,1/1/2002
Tokyo,,Japan,,,2002,1/1/2002
Tokyo,,Japan,,,2003,1/1/2003
Tokyo,,Japan,,,2004,1/1/2004
Tokyo,,Japan,,,2005,1/1/2005
Tokyo,,Japan,,,2005,1/1/2005
Tokyo,,Japan,,,2005,1/1/2005
Tokyo,,Japan,,,2005,1/1/2005
Tokyo,,Japan,,,2006,1/1/2006
Tokyo,,Japan,,,2007,1/1/2007
Tokyo,,Japan,,,2007,1/1/2007
Tokyo,,Japan,,,2007,1/1/2007
Tokyo,,Japan,,,2008,1/1/2008
Tokyo,,Japan,,,2008,1/1/2008
Tokyo,,Japan,,,2008,1/1/2008
Tokyo,,Japan,,,2009,1/1/2009
Tokyo,,Japan,,,2009,1/1/2009
Tokyo,,Japan,,,2009,1/1/2009
Tokyo,,Japan,,,2010,1/1/2010
Tokyo,,Japan,,,2010,1/1/2010
Tokyo,,Japan,,,2010,1/1/2010
Tokyo,,Japan,,,2011,1/1/2011
Tokyo,,Japan,,,2012,1/1/2012
Tokyo,,Japan,,,2012,1/1/2012
Tokyo,,Japan,,,2012,1/1/2012
Tokyo,,Japan,,,2014,1/1/2014
Tokyo,,Japan,,,2014,1/1/2014
Tokyo,,Japan,,,2014,1/1/2014
Tokyo,,Japan,,,2015,1/1/2015
Tokyo,,Japan,,,2017,1/1/2017
Tokyo,,Japan,,,2018,1/1/2018
Tokyo,,Japan,,,2018,1/1/2018
Toyonaka Osaka,,Japan,,,2005,1/1/2005
Waseda,,Japan,,,1989,1/1/1989
Yamaguchi,,Japan,,,1998,1/1/1998
Yokohama,,Japan,,,1970,1/1/1970
Yokohama,,Japan,,,1996,1/1/1996
Yokohama,,Japan,,,2003,1/1/2003
Yokohama,,Japan,,,2006,1/1/2006
Yokohama,,Japan,,,2006,1/1/2006
Yokohama,,Japan,,,2018,1/1/2018
Yokohama-Shi,,Japan,,,2015,1/1/2015
Yokohama-Shi,,Japan,,,2020,1/1/2020
Nairobi,,Kenya,,,1980,1/1/1980
Nairobi,,Kenya,,,1983,1/1/1983
Nairobi,,Kenya,,,1986,1/1/1986
Nairobi,,Kenya,,,2006,1/1/2006
Nairobi,,Kenya,,,2018,1/1/2018
Nairobi,,Kenya,,,2020,1/1/2020
Bishkek,,Kyrgyzstan,,,2018,1/1/2018
Beirut,,Lebanon,,,2010,1/1/2010
Beirut,,Lebanon,,,2011,1/1/2011
Beirut,,Lebanon,,,2011,1/1/2011
Beirut,,Lebanon,,,2014,1/1/2014
Beirut,,Lebanon,,,2016,1/1/2016
Beirut,,Lebanon,,,2018,1/1/2018
Beyrouth,,Lebanon,,,2015,1/1/2015
Fih Deddeh,,Lebanon,,,2011,1/1/2011
Johor Bahru,,Malaysia,,,2004,1/1/2004
Kuala Lumpur,,Malaysia,,,1984,1/1/1984
Kuala Lumpur,,Malaysia,,,2008,1/1/2008
Kuala Lumpur,,Malaysia,,,2017,1/1/2017
Kuala Lumpur,,Malaysia,,,2019,1/1/2019
Kuching,,Malaysia,,,2017,1/1/2017
Penang,,Malaysia,,,2002,1/1/2002
Penang,,Malaysia,,,2003,1/1/2003
Penang,,Malaysia,,,2008,1/1/2008
Sibu Sarawak,,Malaysia,,,2001,1/1/2001
Tanjung Tokong,,Malaysia,,,2018,1/1/2018
Brandon,,Manitoba,,,1984,1/1/1984
Winnipeg,,Manitoba,,,1987,1/1/1987
Curepipe,,Mauritius,,,2019,1/1/2019
Cananea,,Mexico,,,1972,1/1/1972
Cuernavaca,,Mexico,,,2002,1/1/2002
Mexico City,,Mexico,,,1977,1/1/1977
Mexico City,,Mexico,,,1978,1/1/1978
Mexico City,,Mexico,,,1978,1/1/1978
Mexico City,,Mexico,,,1987,1/1/1987
Mexico City,,Mexico,,,1987,1/1/1987
Ulaanbaatar,,Mongolia,,,2017,1/1/2017
Ulaanbaatar,,Mongolia,,,2020,1/1/2020
Yangon,,Myanmar,,,2002,1/1/2002
Yangon,,Myanmar,,,2008,1/1/2008
Yangon,,Myanmar,,,2017,1/1/2017
Yangon City,,Myanmar,,,2004,1/1/2004
Kathmandu,,Nepal,,,2000,1/1/2000
Kathmandu,,Nepal,,,2002,1/1/2002
Kathmandu,,Nepal,,,2003,1/1/2003
Kathmandu,,Nepal,,,2005,1/1/2005
Kathmandu,,Nepal,,,2006,1/1/2006
Kathmandu,,Nepal,,,2008,1/1/2008
Kathmandu,,Nepal,,,2009,1/1/2009
Kathmandu,,Nepal,,,2010,1/1/2010
Kathmandu,,Nepal,,,2012,1/1/2012
Kathmandu,,Nepal,,,2014,1/1/2014
Kathmandu,,Nepal,,,2015,1/1/2015
Lalitpur,,Nepal,,,2011,1/1/2011
Lamjung,,Nepal,,,2001,1/1/2001
Baarn,,Netherlands,,,2010,1/1/2010
Nieuwnhagen,,Netherlands,,,1983,1/1/1983
Wassenaar,,Netherlands,,,2003,1/1/2003
Auckland,,New Zealand,,,2005,1/1/2005
Auckland,,New Zealand,,,2006,1/1/2006
Auckland,,New Zealand,,,2008,1/1/2008
Auckland,,New Zealand,,,2015,1/1/2015
Auckland,,New Zealand,,,2015,1/1/2015
Rivas,,Nicaragua,,,1978,1/1/1978
Abuja,,Nigeria,,,2010,1/1/2010
Abuja,,Nigeria,,,2020,1/1/2020
Enugu,,Nigeria,,,1975,1/1/1975
Jos,,Nigeria,,,1983,1/1/1983
Kane,,Nigeria,,,1982,1/1/1982
Lagos,,Nigeria,,,1978,1/1/1978
Lagos,,Nigeria,,,2002,1/1/2002
Lagos,,Nigeria,,,2019,1/1/2019
Fiska,,Norway,,,2016,1/1/2016
Kolsaas,,Norway,,,2005,1/1/2005
Nesbru,,Norway,,,2006,1/1/2006
Oslo,,Norway,,,1974,1/1/1974
Oslo,,Norway,,,1974,1/1/1974
Oslo,,Norway,,,1974,1/1/1974
Oslo,,Norway,,,2011,1/1/2011
Oslo,,Norway,,,2013,1/1/2013
Al-Adhaiba,,Oman,,,2018,1/1/2018
Muscat,,Oman,,,2004,1/1/2004
Ali Karachi,,Pakistan,,,2013,1/1/2013
Islamabad,,Pakistan,,,1999,1/1/1999
Islamabad,,Pakistan,,,2008,1/1/2008
Islamabad,,Pakistan,,,2013,1/1/2013
Islamabad,,Pakistan,,,2018,1/1/2018
Jeddah,,Pakistan,,,2015,1/1/2015
Karachi,,Pakistan,,,1971,1/1/1971
Karachi,,Pakistan,,,1982,1/1/1982
Karachi,,Pakistan,,,2015,1/1/2015
Karachi Sind,,Pakistan,,,2003,1/1/2003
Lahore,,Pakistan,,,2002,1/1/2002
Lahore,,Pakistan,,,2003,1/1/2003
Lahore,,Pakistan,,,2004,1/1/2004
Lahore,,Pakistan,,,2007,1/1/2007
Lahore,,Pakistan,,,2008,1/1/2008
Lahore,,Pakistan,,,2009,1/1/2009
Lahore,,Pakistan,,,2009,1/1/2009
Lahore,,Pakistan,,,2010,1/1/2010
Lahore,,Pakistan,,,2012,1/1/2012
Lahore,,Pakistan,,,2014,1/1/2014
Lahore,,Pakistan,,,2015,1/1/2015
Lahore,,Pakistan,,,2016,1/1/2016
Lahore,,Pakistan,,,2017,1/1/2017
Lahore,,Pakistan,,,2017,1/1/2017
Lahore,,Pakistan,,,2019,1/1/2019
Lahore,,Pakistan,,,2019,1/1/2019
Lahore,,Pakistan,,,2020,1/1/2020
Lahore Cantt.,,Pakistan,,,2017,1/1/2017
Lahore Punjab,,Pakistan,,,2001,1/1/2001
Mirpur,,Pakistan,,,2010,1/1/2010
Asuncion,,Paraguay,,,2006,1/1/2006
Lima,,Peru,,,1984,1/1/1984
Lima,,Peru,,,2003,1/1/2003
Lima,,Peru,,,2013,1/1/2013
Lima,,Peru,,,2019,1/1/2019
Baguio,,Philippines,,,2010,1/1/2010
Manila,,Philippines,,,1978,1/1/1978
Manila,,Philippines,,,1983,1/1/1983
Manila,,Philippines,,,2017,1/1/2017
Pasig,,Philippines,,,2010,1/1/2010
Quezon City,,Philippines,,,2003,1/1/2003
Paslg City,,Phillipines,,,1996,1/1/1996
Warsaw,,Poland,,,2019,1/1/2019
Sintra,,Portugal,,,2013,1/1/2013
San Juan,,Puerto Rico,,,1982,1/1/1982
Bucharest,,Romania,,,2005,1/1/2005
Bucharest,,Romania,,,2011,1/1/2011
lasi,,Romania,,,2003,1/1/2003
Timisoara,,Romania,,,2000,1/1/2000
Kazan,,Russia,,,2014,1/1/2014
Moscow,,Russia,,,2004,1/1/2004
Moscow,,Russia,,,2012,1/1/2012
St. Petersburg,,Russia,,,2018,1/1/2018
Dhahran,,Saudi Arabia,,,1986,1/1/1986
Dhahran,,Saudi Arabia,,,1999,1/1/1999
Dhahran,,Saudi Arabia,,,2005,1/1/2005
Riyadh,,Saudi Arabia,,,1977,1/1/1977
Dakar,,Senegal,,,2007,1/1/2007
Dakar,,Senegal,,,2008,1/1/2008
Dakar-Fann,,Senegal,,,2005,1/1/2005
Thioffy Podor,,Senegal,,,2010,1/1/2010
Au Cap,,Seychelles,,,2014,1/1/2014
Crescent,,Singapore,,,1997,1/1/1997
Singapore,,Singapore,,,1996,1/1/1996
Singapore,,Singapore,,,2005,1/1/2005
Singapore,,Singapore,,,2005,1/1/2005
Singapore,,Singapore,,,2006,1/1/2006
Singapore,,Singapore,,,2006,1/1/2006
Singapore,,Singapore,,,2006,1/1/2006
Singapore,,Singapore,,,2006,1/1/2006
Singapore,,Singapore,,,2007,1/1/2007
Singapore,,Singapore,,,2007,1/1/2007
Singapore,,Singapore,,,2007,1/1/2007
Singapore,,Singapore,,,2007,1/1/2007
Singapore,,Singapore,,,2007,1/1/2007
Singapore,,Singapore,,,2007,1/1/2007
Singapore,,Singapore,,,2008,1/1/2008
Singapore,,Singapore,,,2008,1/1/2008
Singapore,,Singapore,,,2008,1/1/2008
Singapore,,Singapore,,,2009,1/1/2009
Singapore,,Singapore,,,2009,1/1/2009
Singapore,,Singapore,,,2009,1/1/2009
Singapore,,Singapore,,,2009,1/1/2009
Singapore,,Singapore,,,2009,1/1/2009
Singapore,,Singapore,,,2009,1/1/2009
Singapore,,Singapore,,,2010,1/1/2010
Singapore,,Singapore,,,2010,1/1/2010
Singapore,,Singapore,,,2011,1/1/2011
Singapore,,Singapore,,,2011,1/1/2011
Singapore,,Singapore,,,2012,1/1/2012
Singapore,,Singapore,,,2012,1/1/2012
Singapore,,Singapore,,,2013,1/1/2013
Singapore,,Singapore,,,2013,1/1/2013
Singapore,,Singapore,,,2013,1/1/2013
Singapore,,Singapore,,,2013,1/1/2013
Singapore,,Singapore,,,2020,1/1/2020
Singapore,,Singapore,,,2020,1/1/2020
Skalica,,Slovakia,,,2019,1/1/2019
Bandolierkop,,South Africa,,,1985,1/1/1985
Klerksdorp,,South Africa,,,2019,1/1/2019
Ansan Kyonggi,,South Korea,,,2002,1/1/2002
Ansan-si Kyungki-do,,South Korea,,,2003,1/1/2003
Bucheon,,South Korea,,,2013,1/1/2013
Busan,,South Korea,,,2009,1/1/2009
Busan,,South Korea,,,2011,1/1/2011
Chungbuk,,South Korea,,,2009,1/1/2009
Cwangyang,,South Korea,,,2010,1/1/2010
Daegu,,South Korea,,,2005,1/1/2005
Daegu,,South Korea,,,2010,1/1/2010
Daegu Kyung-Book,,South Korea,,,2008,1/1/2008
Daejeon,,South Korea,,,2007,1/1/2007
Daejeon,,South Korea,,,2008,1/1/2008
Daejeon,,South Korea,,,2011,1/1/2011
Daejeon,,South Korea,,,2013,1/1/2013
Daejeon,,South Korea,,,2015,1/1/2015
Daejeon,,South Korea,,,2019,1/1/2019
Do,,South Korea,,,2011,1/1/2011
Do,,South Korea,,,2012,1/1/2012
Do,,South Korea,,,2012,1/1/2012
Gongju,,South Korea,,,2007,1/1/2007
Goyang,,South Korea,,,2013,1/1/2013
Goyang-si,,South Korea,,,2012,1/1/2012
Gwangju,,South Korea,,,2008,1/1/2008
Gwangju City,,South Korea,,,2007,1/1/2007
Gwangmyeong-Si,,South Korea,,,2005,1/1/2005
Gyeonggi-Do,,South Korea,,,2005,1/1/2005
Incheon,,South Korea,,,2005,1/1/2005
Incheon,,South Korea,,,2011,1/1/2011
Jeonnam,,South Korea,,,2011,1/1/2011
Kangdonggu Seoul,,South Korea,,,2008,1/1/2008
Kangnam-Gu Seoul,,South Korea,,,2000,1/1/2000
Kwangju-Kun,,South Korea,,,1995,1/1/1995
Kwangju-Shi,,South Korea,,,2010,1/1/2010
KyungGi Do,,South Korea,,,2009,1/1/2009
namdo,,South Korea,,,2012,1/1/2012
Pusan,,South Korea,,,2010,1/1/2010
Sangdang-Gu Cheongju,,South Korea,,,2008,1/1/2008
Seobuk-gu,,South Korea,,,2015,1/1/2015
Seogwipo,,South Korea,,,2020,1/1/2020
Seongnam,,South Korea,,,2016,1/1/2016
Seongnam-shi,,South Korea,,,2011,1/1/2011
Seongnam-Si,,South Korea,,,2012,1/1/2012
Seongnamsi Bundang,,South Korea,,,2018,1/1/2018
Seongsan-gu,,South Korea,,,2015,1/1/2015
Seoul,,South Korea,,,1976,1/1/1976
Seoul,,South Korea,,,1996,1/1/1996
Seoul,,South Korea,,,2001,1/1/2001
Seoul,,South Korea,,,2002,1/1/2002
Seoul,,South Korea,,,2003,1/1/2003
Seoul,,South Korea,,,2003,1/1/2003
Seoul,,South Korea,,,2003,1/1/2003
Seoul,,South Korea,,,2004,1/1/2004
Seoul,,South Korea,,,2004,1/1/2004
Seoul,,South Korea,,,2004,1/1/2004
Seoul,,South Korea,,,2004,1/1/2004
Seoul,,South Korea,,,2005,1/1/2005
Seoul,,South Korea,,,2005,1/1/2005
Seoul,,South Korea,,,2005,1/1/2005
Seoul,,South Korea,,,2006,1/1/2006
Seoul,,South Korea,,,2006,1/1/2006
Seoul,,South Korea,,,2006,1/1/2006
Seoul,,South Korea,,,2007,1/1/2007
Seoul,,South Korea,,,2007,1/1/2007
Seoul,,South Korea,,,2007,1/1/2007
Seoul,,South Korea,,,2007,1/1/2007
Seoul,,South Korea,,,2008,1/1/2008
Seoul,,South Korea,,,2009,1/1/2009
Seoul,,South Korea,,,2009,1/1/2009
Seoul,,South Korea,,,2009,1/1/2009
Seoul,,South Korea,,,2010,1/1/2010
Seoul,,South Korea,,,2010,1/1/2010
Seoul,,South Korea,,,2011,1/1/2011
Seoul,,South Korea,,,2011,1/1/2011
Seoul,,South Korea,,,2012,1/1/2012
Seoul,,South Korea,,,2013,1/1/2013
Seoul,,South Korea,,,2014,1/1/2014
Seoul,,South Korea,,,2017,1/1/2017
Seoul,,South Korea,,,2017,1/1/2017
Seoul,,South Korea,,,2018,1/1/2018
Sung Nam,,South Korea,,,2007,1/1/2007
Uijeongbu Gyeonggido,,South Korea,,,2010,1/1/2010
Uiwang City,,South Korea,,,2012,1/1/2012
Yong-in,,South Korea,,,2002,1/1/2002
Yong-in,,South Korea,,,2011,1/1/2011
Yongin-si,,South Korea,,,2014,1/1/2014
Gran,,Spain,,,2016,1/1/2016
Madrid,,Spain,,,1980,1/1/1980
Marratxi,,Spain,,,2016,1/1/2016
Colombo,,Sri Lanka,,,2003,1/1/2003
Colombo,,Sri Lanka,,,2011,1/1/2011
Colombo,,Sri Lanka,,,2016,1/1/2016
Rajagiriya,,Sri Lanka,,,2001,1/1/2001
Manzini,,Swaziland,,,2010,1/1/2010
Mbabane,,Swaziland,,,1981,1/1/1981
Mbabane,,Swaziland,,,2006,1/1/2006
Ngomane,,Swaziland,,,2002,1/1/2002
Siteki,,Swaziland,,,2011,1/1/2011
Hagersten,,Sweden,,,2011,1/1/2011
Kungalv,,Sweden,,,1974,1/1/1974
Sigtuna,,Sweden,,,2012,1/1/2012
Sigtuna,,Sweden,,,2014,1/1/2014
Vastervik,,Sweden,,,2019,1/1/2019
Baar,,Switzerland,,,1983,1/1/1983
Bern,,Switzerland,,,1998,1/1/1998
Celigny,,Switzerland,,,1985,1/1/1985
Commugny,,Switzerland,,,1988,1/1/1988
Founex,,Switzerland,,,2012,1/1/2012
Geneva,,Switzerland,,,1982,1/1/1982
Geneva,,Switzerland,,,1985,1/1/1985
Geneva,,Switzerland,,,1998,1/1/1998
Vufflens-Le-Chateau,,Switzerland,,,2011,1/1/2011
Tartus,,Syria,,,2018,1/1/2018
New Taipei City,,Taiwan,,,2014,1/1/2014
Putz,,Taiwan,,,2007,1/1/2007
Shanhua,,Taiwan,,,2016,1/1/2016
Taichung,,Taiwan,,,1998,1/1/1998
Tainan,,Taiwan,,,2011,1/1/2011
Tainan City,,Taiwan,,,2012,1/1/2012
Taipei,,Taiwan,,,1989,1/1/1989
Taipei,,Taiwan,,,2000,1/1/2000
Taipei,,Taiwan,,,2002,1/1/2002
Taipei,,Taiwan,,,2005,1/1/2005
Taipei,,Taiwan,,,2005,1/1/2005
Taipei,,Taiwan,,,2006,1/1/2006
Taipei,,Taiwan,,,2007,1/1/2007
Taipei,,Taiwan,,,2007,1/1/2007
Taipei,,Taiwan,,,2008,1/1/2008
Taipei,,Taiwan,,,2010,1/1/2010
Taipei,,Taiwan,,,2011,1/1/2011
Taipei,,Taiwan,,,2012,1/1/2012
Taipei,,Taiwan,,,2013,1/1/2013
Taipei,,Taiwan,,,2013,1/1/2013
Taipei,,Taiwan,,,2013,1/1/2013
Taipei City,,Taiwan,,,2017,1/1/2017
Talchung,,Taiwan,,,1997,1/1/1997
Bangkok,,Thailand,,,1972,1/1/1972
Bangkok,,Thailand,,,1981,1/1/1981
Bangkok,,Thailand,,,2001,1/1/2001
Bangkok,,Thailand,,,2002,1/1/2002
Bangkok,,Thailand,,,2005,1/1/2005
Bangkok,,Thailand,,,2005,1/1/2005
Bangkok,,Thailand,,,2016,1/1/2016
Bangkok,,Thailand,,,2016,1/1/2016
Bangkok,,Thailand,,,2017,1/1/2017
Bangkok,,Thailand,,,2019,1/1/2019
Bangok,,Thailand,,,2012,1/1/2012
Bangphliyai,,Thailand,,,2017,1/1/2017
Bankok,,Thailand,,,2016,1/1/2016
Nakorn Prathom,,Thailand,,,1973,1/1/1973
Pak Kret,,Thailand,,,2016,1/1/2016
Pakkred,,Thailand,,,2014,1/1/2014
PakKret,,Thailand,,,2015,1/1/2015
Pathumthani,,Thailand,,,2010,1/1/2010
Samutprakarn,,Thailand,,,2015,1/1/2015
Nassau,,The Bahamas,,,2019,1/1/2019
La Horquetta Arima,,Trinidad and Tobago,,,2003,1/1/2003
Rousillac,,Trinidad and Tobago,,,2004,1/1/2004
El Ghazela,,Tunisia,,,2017,1/1/2017
Ankara,,Turkey,,,2001,1/1/2001
Eskisehir,,Turkey,,,2002,1/1/2002
Istanbul,,Turkey,,,1999,1/1/1999
Istanbul,,Turkey,,,2000,1/1/2000
Istanbul,,Turkey,,,2003,1/1/2003
Istanbul,,Turkey,,,2007,1/1/2007
Istanbul,,Turkey,,,2010,1/1/2010
Istanbul,,Turkey,,,2012,1/1/2012
Istanbul,,Turkey,,,2015,1/1/2015
Istanbul,,Turkey,,,2018,1/1/2018
Izmir,,Turkey,,,2007,1/1/2007
Sarigol,,Turkey,,,2014,1/1/2014
Umraniye,,Turkey,,,2019,1/1/2019
Busia,,Uganda,,,2002,1/1/2002
Kharkiv,,Ukraine,,,2018,1/1/2018
Kyiv,,Ukraine,,,2016,1/1/2016
Kyyiv,,Ukraine,,,2019,1/1/2019
Dubai,,United Arab Emirates,,,1996,1/1/1996
Dubai,,United Arab Emirates,,,2001,1/1/2001
Dubai,,United Arab Emirates,,,2007,1/1/2007
Dubai,,United Arab Emirates,,,2015,1/1/2015
Dubai,,United Arab Emirates,,,2016,1/1/2016
Dubai,,United Arab Emirates,,,2019,1/1/2019
Alton Hants,,United Kingdom,,,2010,1/1/2010
Battle,,United Kingdom,,,2006,1/1/2006
Cambridge,,United Kingdom,,,2014,1/1/2014
Canterbury,,United Kingdom,,,2007,1/1/2007
Cobham,,United Kingdom,,,2006,1/1/2006
Edinburgh,,United Kingdom,,,2002,1/1/2002
Godalming,,United Kingdom,,,2014,1/1/2014
Hatfield,,United Kingdom,,,2007,1/1/2007
London,,United Kingdom,,,1997,1/1/1997
London,,United Kingdom,,,2005,1/1/2005
London,,United Kingdom,,,2009,1/1/2009
London,,United Kingdom,,,2011,1/1/2011
London,,United Kingdom,,,2013,1/1/2013
London,,United Kingdom,,,2015,1/1/2015
London,,United Kingdom,,,2019,1/1/2019
Ludlow,,United Kingdom,,,1998,1/1/1998
Mirfield,,United Kingdom,,,2015,1/1/2015
Northwood,,United Kingdom,,,2019,1/1/2019
Sevenoaks,,United Kingdom,,,2013,1/1/2013
Surrey,,United Kingdom,,,1996,1/1/1996
T AS IS,,United Kingdom,,,1997,1/1/1997
Wolverhampton,,United Kingdom,,,2014,1/1/2014
Tashkent,,Uzbekistan,,,2007,1/1/2007
Caracas,,Venezuela,,,1970,1/1/1970
Caracas,,Venezuela,,,1976,1/1/1976
Valencia,,Venezuela,,,2010,1/1/2010
Dalat Lam Dong,,Vietnam,,,2005,1/1/2005
Hanoi,,Vietnam,,,2001,1/1/2001
Hanoi,,Vietnam,,,2007,1/1/2007
Hanoi,,Vietnam,,,2008,1/1/2008
Hanoi,,Vietnam,,,2010,1/1/2010
Hanoi,,Vietnam,,,2012,1/1/2012
Hanoi,,Vietnam,,,2012,1/1/2012
Hanoi,,Vietnam,,,2013,1/1/2013
Hanoi,,Vietnam,,,2016,1/1/2016
Hanoi,,Vietnam,,,2018,1/1/2018
Hanoi,,Vietnam,,,2018,1/1/2018
Hanoi,,Vietnam,,,2018,1/1/2018
Hanoi,,Vietnam,,,2019,1/1/2019
Hanoi,,Vietnam,,,2020,1/1/2020
Ho Chi Minh,,Vietnam,,,2013,1/1/2013
Ho Chi Minh,,Vietnam,,,2015,1/1/2015
Ho Chi Minh City,,Vietnam,,,2011,1/1/2011
Ho Chi Minh City,,Vietnam,,,2015,1/1/2015
Ho Chi Minh City,,Vietnam,,,2017,1/1/2017
Ho Chi Minh City,,Vietnam,,,2018,1/1/2018
Ho Chi Minn City,,Vietnam,,,2019,1/1/2019
Long Xuyen,,Vietnam,,,2012,1/1/2012
NhaTrang Khanh Hoa,,Vietnam,,,2009,1/1/2009
Frankfurt,,West Germany,,,1978,1/1/1978
Belgrade,,Yugoslavia,,,1984,1/1/1984
Harare,,Zimbabwe,,,2003,1/1/2003
Harare,,Zimbabwe,,,2013,1/1/2013
Harare,,Zimbabwe,,,2018,1/1/2018
Harare,,Zimbabwe,,,2020,1/1/2020
Mutare,,Zimbabwe,,,2016,1/1/2016